https://www.one-tab.com,About OneTab
https://www.youtube.com/results?search_query=empleos+cannabis+cannabis,empleos cannabis cannabis - YouTube
https://www.youtube.com/watch?v=N59MFIh4WhE,LA INDUSTRIA LEGAL DEL CANNABIS - YouTube
https://www.youtube.com/watch?v=SJFn3LGPm6I,Como se Produce el Cannabis para Uso Industrial en Francia- TvAgro por Juan Gonzalo Angel Restrepo - YouTube
https://www.youtube.com/watch?v=65Uun6LFUQY,"Cannabis: salud, industria y progreso - Sic Periodismo Textual - YouTube"
https://www.youtube.com/watch?v=WAymbcNctUE,CANNABIS industria ARGENTINA - Telefe Noticias - YouTube
https://www.youtube.com/watch?v=MMeGo0MJul0,Invertir en Marihuana: �Vale la pena? - YouTube
https://www.youtube.com/watch?v=Kbq7e-IxBZU,Una agencia gubernamental para regular la industria del Cannabis - YouTube
https://www.youtube.com/watch?v=3bFwQXntMtM,Crece la industria de la cannabis en M�xico; aumenta productos para uso l�dico - YouTube
https://www.youtube.com/watch?v=XcyymPr0S44,Argentina comienza la venta legal de semillas y plantas de cannabis - YouTube
https://www.youtube.com/watch?v=HbEV4daJaE4,La industria del cannabis medicinal quiere florecer en las monta�as de Colombia - YouTube
https://www.youtube.com/watch?v=oL6Zm-g8o8c,�C�mo va la industria del cannabis en Colombia? | El Espectador - YouTube
https://www.youtube.com/watch?v=1Q2kVCcRnGg,#LeyCannabis | El 18% en Estados Unidos consumen alg�n producto de cannabis: la industria millonaria - YouTube
https://www.youtube.com/watch?v=fY_MVQRmgd4,CannaM�xico 2022 expertos de la industria del cannabis en Guanajuato | Noticias con Yuriria Sierra - YouTube
https://www.youtube.com/watch?v=VBzne3hP6S4,Industria del cannabis medicinal podr�a generar 27 mil empleos en Colombia | El Espectador - YouTube
https://www.youtube.com/watch?v=6U5NKDt4rhQ,Cannabis medicinal: la empresa del Valle que espera generar casi 300 empleos - YouTube
